path,resolution,series,sys_id,img_id,title,format,date
5000/love_01_101_damaged.jpg,5000,love,01,101,Damaged,jpg,2021-12-30
800/love_01_101_damaged.jpg,800,love,01,101,Damaged,jpg,2021-12-30
5000/love_01_107_in-the-lightning.jpg,5000,love,01,107,In The Lightning,jpg,2021-12-30
800/love_01_107_in-the-lightning.jpg,800,love,01,107,In The Lightning,jpg,2021-12-30
5000/love_01_128_first-blush.jpg,5000,love,01,128,First Blush,jpg,2021-12-30
800/love_01_128_first-blush.jpg,800,love,01,128,First Blush,jpg,2021-12-30
5000/love_01_171_her-grace.jpg,5000,love,01,171,Her Grace,jpg,2021-12-30
800/love_01_171_her-grace.jpg,800,love,01,171,Her Grace,jpg,2021-12-30
5000/love_01_174_the-waters.jpg,5000,love,01,174,The Waters,jpg,2021-12-30
800/love_01_174_the-waters.jpg,800,love,01,174,The Waters,jpg,2021-12-30
5000/love_01_189_when-he-walks-by.jpg,5000,love,01,189,When He Walks By,jpg,2021-12-30
800/love_01_189_when-he-walks-by.jpg,800,love,01,189,When He Walks By,jpg,2021-12-30
5000/love_01_201_raw.jpg,5000,love,01,201,Raw,jpg,2021-12-30
800/love_01_201_raw.jpg,800,love,01,201,Raw,jpg,2021-12-30
5000/love_01_205_fey.jpg,5000,love,01,205,Fey,jpg,2021-12-30
800/love_01_205_fey.jpg,800,love,01,205,Fey,jpg,2021-12-30
